file	original_filename	uploaded	uploaded_gmt	modified_gmt	media_id	bytes	sha256	source_url	archived_at
2026-02-16_deltio-nerou---deutera-16.02.2026.xlsx	ΔΕΛΤΙΟ ΝΕΡΟΥ - Δευτέρα 16.02.2026.xlsx	2026-02-16T00:00:00	2026-02-16T00:00:00			14603	479d27f32e82da8b7d8c5b3ce4c6ea7c04a7cc81fae27e2a25fa13db170bb87e	sent by the WDD by email, 5 Oct 2026 (deltia_nerou.zip); date is the edition date, not an upload date	2026-10-06T07:09:56Z
2026-02-24_deltio-nerou---triti-24.02.2026.xlsx	ΔΕΛΤΙΟ ΝΕΡΟΥ - Τρίτη 24.02.2026.xlsx	2026-02-24T00:00:00	2026-02-24T00:00:00			14665	ea286db69928b554be96552af845d0cce34a62885cbadb0cf4c19cbc40d936a9	sent by the WDD by email, 5 Oct 2026 (deltia_nerou.zip); date is the edition date, not an upload date	2026-10-06T07:09:56Z
2026-03-02_deltio-nerou---deutera-02.03.2026.xlsx	ΔΕΛΤΙΟ ΝΕΡΟΥ - Δευτέρα 02.03.2026.xlsx	2026-03-02T00:00:00	2026-03-02T00:00:00			14786	75584056bb4c5f21e4cd65b7da2736c3cde8cb984f1ad08cfd13c2a5d297e7ba	sent by the WDD by email, 5 Oct 2026 (deltia_nerou.zip); date is the edition date, not an upload date	2026-10-06T07:09:56Z
2026-03-09_deltio-nerou---deutera-09.03.2026.xlsx	ΔΕΛΤΙΟ ΝΕΡΟΥ - Δευτέρα 09.03.2026.xlsx	2026-03-09T00:00:00	2026-03-09T00:00:00			14652	37af6a4b0d811bb24a736b561833bb1e4f2062ee524e607eb4cfe9eb09d37002	sent by the WDD by email, 5 Oct 2026 (deltia_nerou.zip); date is the edition date, not an upload date	2026-10-06T07:09:56Z
2026-03-16_deltio-nerou---deutera-16.03.2026.xlsx	ΔΕΛΤΙΟ ΝΕΡΟΥ - Δευτέρα 16.03.2026.xlsx	2026-03-16T00:00:00	2026-03-16T00:00:00			14656	e4ede0bf300bde8b1a04eaf35c66cb5d09c37b31e7d7212f81ee541aad9b85b6	sent by the WDD by email, 5 Oct 2026 (deltia_nerou.zip); date is the edition date, not an upload date	2026-10-06T07:09:56Z
2026-03-23_deltio-nerou---deutera-23.03.2026.xlsx	ΔΕΛΤΙΟ ΝΕΡΟΥ - Δευτέρα 23.03.2026.xlsx	2026-03-23T00:00:00	2026-03-23T00:00:00			14661	dcc18f7457460bcfba7f1004b778d16da51e80431da8269b4a88769c17936472	sent by the WDD by email, 5 Oct 2026 (deltia_nerou.zip); date is the edition date, not an upload date	2026-10-06T07:09:56Z
2026-03-30_deltio-nerou---deutera-30.03.2026.xlsx	ΔΕΛΤΙΟ ΝΕΡΟΥ - Δευτέρα 30.03.2026.xlsx	2026-03-30T00:00:00	2026-03-30T00:00:00			14653	e9dd56c8619b92197fc3ffdc2722b258e3183deaa795b6bcf57c6c40c5f3b895	sent by the WDD by email, 5 Oct 2026 (deltia_nerou.zip); date is the edition date, not an upload date	2026-10-06T07:09:56Z
2026-04-06_deltio-nerou---deutera-06.04.2026.xlsx	ΔΕΛΤΙΟ ΝΕΡΟΥ - Δευτέρα 06.04.2026.xlsx	2026-04-06T00:00:00	2026-04-06T00:00:00			14835	0979db72753ac658f363834ac276c298ad7f533a283fb0de0e211e7d58969d1b	sent by the WDD by email, 5 Oct 2026 (deltia_nerou.zip); date is the edition date, not an upload date	2026-10-06T07:09:56Z
2026-04-20_deltio-nerou---deutera-20.04.2026.xlsx	ΔΕΛΤΙΟ ΝΕΡΟΥ - Δευτέρα 20.04.2026.xlsx	2026-04-20T00:00:00	2026-04-20T00:00:00			14665	b8561ed92c15fd69bb73230a69d7171e9bf8c0d7558d897d44fbfec36552b83a	sent by the WDD by email, 5 Oct 2026 (deltia_nerou.zip); date is the edition date, not an upload date	2026-10-06T07:09:56Z
2026-04-27_deltio-nerou---deutera-27.04.2026.xlsx	ΔΕΛΤΙΟ ΝΕΡΟΥ - Δευτέρα 27.04.2026.xlsx	2026-04-27T00:00:00	2026-04-27T00:00:00			14666	cb1db173be1185e7d862f1518876599ecbdc806eb91e8e65a473a1f64f988ca9	sent by the WDD by email, 5 Oct 2026 (deltia_nerou.zip); date is the edition date, not an upload date	2026-10-06T07:09:56Z
2026-05-11_deltio-nerou---deutera-11.05.2026.xlsx	ΔΕΛΤΙΟ ΝΕΡΟΥ - Δευτέρα 11.05.2026.xlsx	2026-05-11T00:00:00	2026-05-11T00:00:00			14694	a5c62432a1ddae12736bec90a1f9dc41443acaa031ebe4398698c1ef3902ebfd	sent by the WDD by email, 5 Oct 2026 (deltia_nerou.zip); date is the edition date, not an upload date	2026-10-06T07:09:56Z
2026-05-18_deltio-nerou---deutera-18.05.2026.xlsx	ΔΕΛΤΙΟ ΝΕΡΟΥ - Δευτέρα 18.05.2026.xlsx	2026-05-18T00:00:00	2026-05-18T00:00:00			14664	33edbdc534d3ae04863f7392e49313e50a1c5b9dbe446ec51c4679d2d88b8796	sent by the WDD by email, 5 Oct 2026 (deltia_nerou.zip); date is the edition date, not an upload date	2026-10-06T07:09:56Z
2026-06-10_deltio-nerou_10_06_2026.xlsx	ΔΕΛΤΙΟ ΝΕΡΟΥ_10_06_2026.xlsx	2026-06-10T00:00:00	2026-06-10T00:00:00			39138	c2765d840e23128dcddc5f6a7318b12cad3b548cb30acbfbf0557570fe2e6bbf	sent by the WDD by email, 5 Oct 2026 (deltia_nerou.zip); date is the edition date, not an upload date	2026-10-06T07:09:56Z
2026-07-13_deltio_nerou_dashboard_2026-13-july-26-new.xlsx	ΔΕΛΤΙΟ_ΝΕΡΟΥ_DASHBOARD_2026 13 JULY 26 new.xlsx	2026-07-13T00:00:00	2026-07-13T00:00:00			25746	db704e27bbefc61996ad65fd5c9ee6f3e1384e6ef198025c65310a58c893f1a4	sent by the WDD by email, 5 Oct 2026 (deltia_nerou.zip); date is the edition date, not an upload date	2026-10-06T07:09:56Z
2026-07-20_deltio_nerou_dashboard_2026-20-july-26.xlsx	ΔΕΛΤΙΟ_ΝΕΡΟΥ_DASHBOARD_2026 20 JULY 26.xlsx	2026-07-20T00:00:00	2026-07-20T00:00:00			25649	44ec76d17f23f58109affa7708fc48f97360e3ac16a9842671e482a572e5bdab	sent by the WDD by email, 5 Oct 2026 (deltia_nerou.zip); date is the edition date, not an upload date	2026-10-06T07:09:56Z
2026-07-27_deltio_nerou_dashboard_2026-27-july-26.xlsx	ΔΕΛΤΙΟ_ΝΕΡΟΥ_DASHBOARD_2026 27 JULY 26.xlsx	2026-07-27T00:00:00	2026-07-27T00:00:00			27135	52ba38879156b41ccce8831b37c362b3db02e8e12f1c3d22a8ed5c8f25fd0d1f	sent by the WDD by email, 5 Oct 2026 (deltia_nerou.zip); date is the edition date, not an upload date	2026-10-06T07:09:56Z
2026-09-07_deltio_nerou_dashboard_2026-7-sep-26.xlsx	ΔΕΛΤΙΟ_ΝΕΡΟΥ_DASHBOARD_2026-7-ΣΕΠ-26.xlsx	2026-09-07T14:18:50	2026-09-07T11:18:50	2026-09-07T11:19:42	12180	27093	ff723ed0e8345520ec1a079b780707bde7fa511c488d4cb5d38b8f5349e1f3f2	https://www.gov.cy/app/uploads/sites/168/2026/09/%CE%94%CE%95%CE%9B%CE%A4%CE%99%CE%9F_%CE%9D%CE%95%CE%A1%CE%9F%CE%A5_DASHBOARD_2026-7-%CE%A3%CE%95%CE%A0-26.xlsx	2026-10-01T13:26:10Z
2026-09-14_deltio_nerou_dashboard_2026-14-sep-26.xlsx	ΔΕΛΤΙΟ_ΝΕΡΟΥ_DASHBOARD_2026-14-ΣΕΠ-26.xlsx	2026-09-14T12:49:12	2026-09-14T09:49:12	2026-09-14T09:50:27	12251	27060	9cfb4f7ae48c233875cb0cdc8f0c0c17bb66bdc567cb46c73c34fdc19f6004db	https://www.gov.cy/app/uploads/sites/168/2026/09/%CE%94%CE%95%CE%9B%CE%A4%CE%99%CE%9F_%CE%9D%CE%95%CE%A1%CE%9F%CE%A5_DASHBOARD_2026-14-%CE%A3%CE%95%CE%A0-26.xlsx	2026-10-01T13:26:10Z
